<?xml version="1.0" encoding="utf-8" ?>
<component name="VodItem" extends="group">
 <script type="text/brightscript" uri="VodItem.brs"/>
    <interface>

      <field id="itemContent" type="node" />
      
    </interface>

  <children>

    <LayoutGroup
     id="group"
     horizAlignment="center"
     itemSpacings="[30]"
     translation="[105, 0]">


      <Rectangle
       id="background"
       color="#FFFFFF00"
       width="210"
       height="210">

        <Poster
         id="vodItem"
         uri=""
         width="200"
         height="200"
         translation="[5,5]"/>

      </Rectangle>

      <Label
       id="name"
       text=""/>

    </LayoutGroup>

  </children>
</component>
